clip_dir,label
data/processed/Normal/Normal18,0
data/processed/Normal/Normal48,0
data/processed/Normal/Normal51,0
data/processed/Normal/Normal33,0
data/processed/Normal/Normal49,0
data/processed/Normal/Normal84,0
data/processed/Normal/Normal34,0
data/processed/Normal/Normal30,0
data/processed/Normal/Normal73,0
data/processed/Normal/Normal82,0
data/processed/Normal/Normal44,0
data/processed/Normal/Normal69,0
data/processed/Normal/Normal22,0
data/processed/Normal/Normal26,0
data/processed/Normal/Normal23,0
data/processed/Normal/Normal45,0
data/processed/Normal/Normal11,0
data/processed/Normal/Normal61,0
data/processed/Normal/Normal20,0
data/processed/Normal/Normal71,0
data/processed/Normal/Normal36,0
data/processed/Normal/Normal86,0
data/processed/Normal/Normal16,0
data/processed/Normal/Normal68,0
data/processed/Normal/Normal3,0
data/processed/Normal/Normal21,0
data/processed/Normal/Normal46,0
data/processed/Normal/Normal79,0
data/processed/Normal/Normal27,0
data/processed/Normal/Normal87,0
data/processed/Normal/Normal60,0
data/processed/Normal/Normal80,0
data/processed/Normal/Normal57,0
data/processed/Normal/Normal37,0
data/processed/Normal/Normal7,0
data/processed/Normal/Normal38,0
data/processed/Normal/Normal41,0
data/processed/Normal/Normal13,0
data/processed/Normal/Normal15,0
data/processed/Normal/Normal66,0
data/processed/Normal/Normal24,0
data/processed/Normal/Normal65,0
data/processed/Normal/Normal39,0
data/processed/Normal/Normal58,0
data/processed/Normal/Normal43,0
data/processed/Normal/Normal64,0
data/processed/Normal/Normal10,0
data/processed/Normal/Normal12,0
data/processed/Normal/Normal42,0
data/processed/Normal/Normal74,0
data/processed/Normal/Normal55,0
data/processed/Normal/Normal67,0
data/processed/Normal/Normal31,0
data/processed/Normal/Normal56,0
data/processed/Normal/Normal6,0
data/processed/Normal/Normal14,0
data/processed/Normal/Normal1,0
data/processed/Normal/Normal81,0
data/processed/Normal/Normal2,0
data/processed/Normal/Normal85,0
data/processed/Normal/Normal35,0
data/processed/Normal/Normal59,0
data/processed/Normal/Normal32,0
data/processed/Normal/Normal47,0
data/processed/Normal/Normal17,0
data/processed/Aggressive/Aggressive87,1
data/processed/Aggressive/Aggressive82,1
data/processed/Aggressive/Aggressive93,1
data/processed/Aggressive/Aggressive52,1
data/processed/Aggressive/Aggressive3,1
data/processed/Aggressive/Aggressive19,1
data/processed/Aggressive/Aggressive59,1
data/processed/Aggressive/Aggressive57,1
data/processed/Aggressive/Aggressive70,1
data/processed/Aggressive/Aggressive88,1
data/processed/Aggressive/Aggressive44,1
data/processed/Aggressive/Aggressive67,1
data/processed/Aggressive/Aggressive62,1
data/processed/Aggressive/Aggressive91,1
data/processed/Aggressive/Aggressive68,1
data/processed/Aggressive/Aggressive51,1
data/processed/Aggressive/Aggressive81,1
data/processed/Aggressive/Aggressive6,1
data/processed/Aggressive/Aggressive63,1
data/processed/Aggressive/Aggressive2,1
data/processed/Aggressive/Aggressive11,1
data/processed/Aggressive/Aggressive5,1
data/processed/Aggressive/Aggressive26,1
data/processed/Aggressive/Aggressive54,1
data/processed/Aggressive/Aggressive89,1
data/processed/Aggressive/Aggressive32,1
data/processed/Aggressive/Aggressive73,1
data/processed/Aggressive/Aggressive28,1
data/processed/Aggressive/Aggressive64,1
data/processed/Aggressive/Aggressive53,1
data/processed/Aggressive/Aggressive45,1
data/processed/Aggressive/Aggressive76,1
data/processed/Aggressive/Aggressive16,1
data/processed/Aggressive/Aggressive47,1
data/processed/Aggressive/Aggressive38,1
data/processed/Aggressive/Aggressive60,1
data/processed/Aggressive/Aggressive30,1
data/processed/Aggressive/Aggressive13,1
data/processed/Aggressive/Aggressive50,1
data/processed/Aggressive/Aggressive66,1
data/processed/Aggressive/Aggressive85,1
data/processed/Aggressive/Aggressive7,1
data/processed/Aggressive/Aggressive39,1
data/processed/Aggressive/Aggressive56,1
data/processed/Aggressive/Aggressive42,1
data/processed/Aggressive/Aggressive48,1
data/processed/Aggressive/Aggressive49,1
data/processed/Aggressive/Aggressive77,1
data/processed/Aggressive/Aggressive21,1
data/processed/Aggressive/Aggressive55,1
data/processed/Aggressive/Aggressive84,1
data/processed/Aggressive/Aggressive71,1
data/processed/Aggressive/Aggressive75,1
data/processed/Aggressive/Aggressive65,1
data/processed/Aggressive/Aggressive80,1
data/processed/Aggressive/Aggressive79,1
data/processed/Aggressive/Aggressive74,1
data/processed/Aggressive/Aggressive34,1
data/processed/Aggressive/Aggressive14,1
data/processed/Aggressive/Aggressive78,1
data/processed/Aggressive/Aggressive15,1
data/processed/Aggressive/Aggressive37,1
data/processed/Aggressive/Aggressive29,1
data/processed/Aggressive/Aggressive83,1
data/processed/Aggressive/Aggressive41,1
data/processed/Aggressive/Aggressive25,1
data/processed/Distracted/Distraction31,2
data/processed/Distracted/Distraction34,2
data/processed/Distracted/Distraction6,2
data/processed/Distracted/Distraction9,2
data/processed/Distracted/Distraction57,2
data/processed/Distracted/Distraction23,2
data/processed/Distracted/Distraction68,2
data/processed/Distracted/Distraction56,2
data/processed/Distracted/Distraction54,2
data/processed/Distracted/Distraction63,2
data/processed/Distracted/Distraction1,2
data/processed/Distracted/Distraction59,2
data/processed/Distracted/Distraction30,2
data/processed/Distracted/Distraction29,2
data/processed/Distracted/Distraction52,2
data/processed/Distracted/Distraction26,2
data/processed/Distracted/Distraction65,2
data/processed/Distracted/Distraction37,2
data/processed/Distracted/Distraction81,2
data/processed/Distracted/Distraction73,2
data/processed/Distracted/Distraction18,2
data/processed/Distracted/Distraction72,2
data/processed/Distracted/Distraction40,2
data/processed/Distracted/Distraction74,2
data/processed/Distracted/Distraction25,2
data/processed/Distracted/Distraction71,2
data/processed/Distracted/Distraction17,2
data/processed/Distracted/Distraction39,2
data/processed/Distracted/Distraction10,2
data/processed/Distracted/Distraction5,2
data/processed/Distracted/Distraction4,2
data/processed/Distracted/Distraction32,2
data/processed/Distracted/Distraction42,2
data/processed/Distracted/Distraction61,2
data/processed/Distracted/Distraction13,2
data/processed/Distracted/Distraction58,2
data/processed/Distracted/Distraction70,2
data/processed/Distracted/Distraction77,2
data/processed/Distracted/Distraction64,2
data/processed/Distracted/Distraction16,2
data/processed/Distracted/Distraction80,2
data/processed/Distracted/Distraction49,2
data/processed/Distracted/Distraction27,2
data/processed/Distracted/Distraction3,2
data/processed/Distracted/Distraction69,2
data/processed/Distracted/Distraction53,2
data/processed/Distracted/Distraction14,2
data/processed/Distracted/Distraction7,2
data/processed/Distracted/Distraction60,2
data/processed/Distracted/Distraction20,2
data/processed/Distracted/Distraction28,2
data/processed/Distracted/Distraction75,2
data/processed/Distracted/Distraction2,2
data/processed/Distracted/Distraction41,2
data/processed/Distracted/Distraction44,2
data/processed/Distracted/Distraction78,2
data/processed/Distracted/Distraction62,2
data/processed/Distracted/Distraction8,2
data/processed/Distracted/Distraction12,2
data/processed/Distracted/Distraction55,2
data/processed/Distracted/Distraction43,2
data/processed/Distracted/Distraction36,2
data/processed/Distracted/Distraction15,2
data/processed/Distracted/Distraction33,2
data/processed/Drowsy/Drowsy76,3
data/processed/Drowsy/Drowsy67,3
data/processed/Drowsy/Drowsy80,3
data/processed/Drowsy/Drowsy68,3
data/processed/Drowsy/Drowsy66,3
data/processed/Drowsy/Drowsy54,3
data/processed/Drowsy/Drowsy46,3
data/processed/Drowsy/Drowsy59,3
data/processed/Drowsy/Drowsy30,3
data/processed/Drowsy/Drowsy32,3
data/processed/Drowsy/Drowsy36,3
data/processed/Drowsy/Drowsy74,3
data/processed/Drowsy/Drowsy33,3
data/processed/Drowsy/Drowsy78,3
data/processed/Drowsy/Drowsy23,3
data/processed/Drowsy/Drowsy60,3
data/processed/Drowsy/Drowsy3,3
data/processed/Drowsy/Drowsy18,3
data/processed/Drowsy/Drowsy79,3
data/processed/Drowsy/Drowsy37,3
data/processed/Drowsy/Drowsy75,3
data/processed/Drowsy/Drowsy38,3
data/processed/Drowsy/Drowsy73,3
data/processed/Drowsy/Drowsy17,3
data/processed/Drowsy/Drowsy57,3
data/processed/Drowsy/Drowsy56,3
data/processed/Drowsy/Drowsy4,3
data/processed/Drowsy/Drowsy44,3
data/processed/Drowsy/Drowsy58,3
data/processed/Drowsy/Drowsy72,3
data/processed/Drowsy/Drowsy25,3
data/processed/Drowsy/Drowsy70,3
data/processed/Drowsy/Drowsy82,3
data/processed/Drowsy/Drowsy43,3
data/processed/Drowsy/Drowsy40,3
data/processed/Drowsy/Drowsy24,3
data/processed/Drowsy/Drowsy50,3
data/processed/Drowsy/Drowsy16,3
data/processed/Drowsy/Drowsy8,3
data/processed/Drowsy/Drowsy19,3
data/processed/Drowsy/Drowsy13,3
data/processed/Drowsy/Drowsy27,3
data/processed/Drowsy/Drowsy2,3
data/processed/Drowsy/Drowsy11,3
data/processed/Drowsy/Drowsy5,3
data/processed/Drowsy/Drowsy53,3
data/processed/Drowsy/Drowsy9,3
data/processed/Drowsy/Drowsy55,3
data/processed/Drowsy/Drowsy39,3
data/processed/Drowsy/Drowsy12,3
data/processed/Drowsy/Drowsy51,3
data/processed/Drowsy/Drowsy64,3
data/processed/Drowsy/Drowsy1,3
data/processed/Drowsy/Drowsy15,3
data/processed/Drowsy/Drowsy7,3
data/processed/Drowsy/Drowsy6,3
data/processed/Drowsy/Drowsy20,3
data/processed/Drowsy/Drowsy48,3
data/processed/Drowsy/Drowsy63,3
data/processed/Drowsy/Drowsy42,3
data/processed/Drowsy/Drowsy47,3
data/processed/Drowsy/Drowsy77,3
data/processed/Drowsy/Drowsy81,3
data/processed/Drowsy/Drowsy22,3
